[  
   {  
      "dir":"/",
      "scheduleDate":"",
      "server":"10.211.101.32",
      "port":"4444",
      "workspace":"Batch-15",
      "executionspace":{  
         "name":"fhjjf",
         "testCases":[  
            "MNU_20254_IG_CreateAndGUI"
         ],
         "testCaseData":[  
            {  
               "name":"MNU_20254_IG_CreateAndGUI",
               "_rowIds":[  
                  "MNU_20254_US"
               ]
            }
         ],
         "repository":"uiMapMasterv2_13_Priyanka_1.xls",
         "testData":"TestData_Batch_13_v1.xlsx",
         "combinations":{  
            "MNU_20254_IG_CreateAndGUI":{  
               "MacOS":{  
                  "browsers":[  
                     "Safari10"
                  ]
               }
            }
         }
      }
   }
]