[  
   {  
      "dir":"/",
      "scheduleDate":"",
      "server":"10.211.101.32",
      "port":"4444",
      "workspace":"Test_B25_14thAug_JSON",
      "executionspace":{  
         "name":"r1",
         "testCases":[  
            "MNU_20254_IG_CreateAndGUI"
            
         ],
         "testCaseData":[  
            {  
               "name":"MNU_20254_IG_CreateAndGUI",
               "_rowIds":[  
                  "MNU_20254_AP"
               ]
            }
         ],
         "repository":"uiMapMasterv2_13_Priyanka_1.xls",
         "testData":"TestData_Batch_13_v1.xlsx",
         "combinations":{  
            "MNU_20254_IG_CreateAndGUI":{  
               "Windows7":{  
                  "browsers":[  
                     "Internetexplorer11"
                  ]
               }
            }
         }
      }
   }
]

