[  
   {  
      "dir":"/",
      "scheduleDate":"",
      "server":"10.211.101.32",
      "port":"4444",
      "workspace":"Batch_13review_13thJuly",
      "executionspace":{  
         "name":"Batch13_review",
         "testCases":[  
            "MNU_0086_VerifySmartRouting.java",
            "MNU_0087_MenuItemValidation.java",
            "MNU_0089_AddComponents.java",
            "MNU_0093_Create_MI_Validation.java",
            "MNU_0096_CMITS.java",
            "MNU_0101_VerifGS.java",
            "MNU_0106_ABSSettings.java",
            "MNU_0109_UMI_CUR_FUT_SET.java",
            "MNU_0110_ApprovalStatusChanges.java",
            "MNU_0112_ValidateMIApprStatus.java",
            "MNU_0162_211U_MMIL_CompMsg.java",
            "MNU_0185_Validate_VM_Status.java",
            "MNU_0192_ChangeStatus.java",
            "MNU_0195.java",
            "MNU_0197_Copy_ExistingMI.java",
            "MNU_0198_CMITCopyEx.java",
            "MNU_0201_MIBUNBUFF_validation.java",
            "MNU_0212_PostSearchFltr.java",
            "MNU_0217_TimeRangeRestrictions.java",
            "MNU_0222_Verify_Promotionflags.java",
            "MNU_0223_PRO_MI_Validation.java",
            "MNU_0227.java",
            "MNU_0232.java",
            "MNU_0233_MaxTimeFrames.java"
         ],
         "testCaseData":[  
            {  
               "name":"MNU_0045_GUIComponentMMIL",
               "_rowIds":[  
                  "MNU_0045_US"
               ]
            },
            {  
               "name":"MNU_20493_CreateSRS",
               "_rowIds":[  
                  "MNU_20493_US"
               ]
            },
            {  
               "name":"MNU_20483_CreateUpdtDeltSRG",
               "_rowIds":[  
                  "MNU_20483_US"
               ]
            },
            {  
               "name":"MNU_20461_Vrf_Deleting_SubstGrp",
               "_rowIds":[  
                  "MNU_20461_US"
               ]
            },
            {  
               "name":"MNU_20463_Vrf_AuditLogWhnSNUpdt",
               "_rowIds":[  
                  "MNU_20463_US"
               ]
            },
            {  
               "name":"MNU_0257_DeleteFunctinalityOfIG",
               "_rowIds":[  
                  "MNU_0257_US"
               ]
            },
            {  
               "name":"MNU_0037_UpdateSetName",
               "_rowIds":[  
                  "MNU_0037_US"
               ]
            },
            {  
               "name":"MNU_0047_CopyRemoveComp",
               "_rowIds":[  
                  "MNU_0047_US"
               ]
            },
            {  
               "name":"MNU_0162_211U_MMIL_CompMsg",
               "_rowIds":[  
                  "MNU_0162_US"
               ]
            },
            {  
               "name":"MNU_20486_CreateSRGCopy",
               "_rowIds":[  
                  "MNU_20486_US"
               ]
            },
            {  
               "name":"MNU_0537_Verify_AR_SS",
               "_rowIds":[  
                  "MNU_0537_US"
               ]
            },
            {  
               "name":"MNU_20523_CreateFlavorSet",
               "_rowIds":[  
                  "MNU_20523_US"
               ]
            },
            {  
               "name":"MNU_20522_FSCreateCopy",
               "_rowIds":[  
                  "MNU_20522_US"
               ]
            },
            {  
               "name":"MNU_20519_FSSortPagination",
               "_rowIds":[  
                  "MNU_20519_US"
               ]
            },
            {  
               "name":"MNU_20516_FSFilterFunctnlty",
               "_rowIds":[  
                  "MNU_20516_US"
               ]
            },
            {  
               "name":"MNU_20515_FSFieldSpecifitn",
               "_rowIds":[  
                  "MNU_20515_US"
               ]
            },
            {  
               "name":"MNU_20512_VrfyDltMIAssociated",
               "_rowIds":[  
                  "MNU_20512_US"
               ]
            },
            {  
               "name":"MNU_20511_VrfyDeleteExistingFS",
               "_rowIds":[  
                  "MNU_20511_US"
               ]
            },
            {  
               "name":"MNU_20507_CancelFunctnlty",
               "_rowIds":[  
                  "MNU_20507_US"
               ]
            },
            {  
               "name":"MNU_20496_SRSNoInactiveRest",
               "_rowIds":[  
                  "MNU_20496_US"
               ]
            },
            {  
               "name":"MNU_20491_SearchFunctionality",
               "_rowIds":[  
                  "MNU_20491_US"
               ]
            },
            {  
               "name":"MNU_20490_ViewFullList",
               "_rowIds":[  
                  "MNU_20490_US"
               ]
            },
            {  
               "name":"MNU_20482_SRGFieldSpecifitn",
               "_rowIds":[  
                  "MNU_20482_US"
               ]
            },
            {  
               "name":"MNU_20473_Vrf_SNdeleteAL",
               "_rowIds":[  
                  "MNU_20473_US"
               ]
            },
            {  
               "name":"MNU_20472_Vrf_SNupdateAL",
               "_rowIds":[  
                  "MNU_20472_US"
               ]
            },
            {  
               "name":"MNU_20471_Vrf_SNcreationAL",
               "_rowIds":[  
                  "MNU_20471_US"
               ]
            },
            {  
               "name":"MNU_20464_Vrf_AddOrRemOfMIinSG",
               "_rowIds":[  
                  "MNU_20464_US"
               ]
            },
            {  
               "name":"MNU_20459_Vrf_MIpartofOnlyOneSG",
               "_rowIds":[  
                  "MNU_20459_US"
               ]
            },
            {  
               "name":"MNU_20455_Vrf_Create_SubstGroup",
               "_rowIds":[  
                  "MNU_20455_US"
               ]
            },
            {  
               "name":"MNU_20453_FieldValidationsDNS",
               "_rowIds":[  
                  "MNU_20453_US"
               ]
            },
            {  
               "name":"MNU_20449_VrfDNSetDifMrkt",
               "_rowIds":[  
                  "MNU_20449_US"
               ]
            },
            {  
               "name":"MNU_0212_PostSearchFltr",
               "_rowIds":[  
                  "MNU_0212_US"
               ]
            },
            {  
               "name":"MNU_0198_CMITCopyEx",
               "_rowIds":[  
                  "MNU_0198_US"
               ]
            },
            {  
               "name":"PRC_0170_SearchAddRemoveMI",
               "_rowIds":[  
                  "PRC_0170_US"
               ]
            },
            {  
               "name":"MNU_0106_ABSSettings",
               "_rowIds":[  
                  "MNU_0106_US"
               ]
            },
            {  
               "name":"MNU_0101_VerifGS",
               "_rowIds":[  
                  "MNU_0101_US"
               ]
            },
            {  
               "name":"MNU_0096_CMITS",
               "_rowIds":[  
                  "MNU_0096_US"
               ]
            },
            {  
               "name":"MNU_0093_Create_MI_Validation",
               "_rowIds":[  
                  "MNU_0093_US"
               ]
            },
            {  
               "name":"MNU_0012_BasicUpdateMenu",
               "_rowIds":[  
                  "MNU_0012_US"
               ]
            },
            {  
               "name":"MNU_0085_disableNGABSVolume",
               "_rowIds":[  
                  "MNU_0085_US"
               ]
            },
            {  
               "name":"MNU_0222_Verify_Promotionflags",
               "_rowIds":[  
                  "MNU_0222_US"
               ]
            },
            {  
               "name":"MNU_0223_PRO_MI_Validation",
               "_rowIds":[  
                  "MNU_0223_US"
               ]
            },
            {  
               "name":"MNU_0227",
               "_rowIds":[  
                  "MNU_0227_US"
               ]
            },
            {  
               "name":"MNU_0233_MaxTimeFrames",
               "_rowIds":[  
                  "MNU_0233_US"
               ]
            },
            {  
               "name":"MNU_20414_DGcanCrtdWithotAssoMI",
               "_rowIds":[  
                  "MNU_20414_US"
               ]
            },
            {  
               "name":"MNU_20417_ErrMsg_AddMIinDG",
               "_rowIds":[  
                  "MNU_20417_US"
               ]
            },
            {  
               "name":"MNU_20419_VrfDeletionInactiveDG",
               "_rowIds":[  
                  "MNU_20419_US"
               ]
            },
            {  
               "name":"MNU_20421_Vrf_DG_SlctdMstbeUniq",
               "_rowIds":[  
                  "MNU_20421_US"
               ]
            },
            {  
               "name":"MNU_20422_Vfy_MICodeCnExistOnce",
               "_rowIds":[  
                  "MNU_20422_US"
               ]
            },
            {  
               "name":"MNU_20426_VrfAL_StatusChangesDG",
               "_rowIds":[  
                  "MNU_20426_US"
               ]
            },
            {  
               "name":"MNU_20428_VrfDGNmeExstinDiffMKT",
               "_rowIds":[  
                  "MNU_20428_US"
               ]
            },
            {  
               "name":"MNU_20430_Vrf_CreateNewDNandAL",
               "_rowIds":[  
                  "MNU_20430_US"
               ]
            },
            {  
               "name":"MNU_20433_Vrf_UpdatationDNandAL",
               "_rowIds":[  
                  "MNU_20433_US"
               ]
            },
            {  
               "name":"MNU_20434_Vrf_DeletionOfDNandAL",
               "_rowIds":[  
                  "MNU_20434_US"
               ]
            },
            {  
               "name":"MNU_20443_ViewFullList",
               "_rowIds":[  
                  "MNU_20443_US"
               ]
            },
            {  
               "name":"MNU_20446_DNScantInactWhnAssRst",
               "_rowIds":[  
                  "MNU_20446_US"
               ]
            },
            {  
               "name":"MNU_20456_SGSearchFunctionality",
               "_rowIds":[  
                  "MNU_20456_US"
               ]
            },
            {  
               "name":"MNU_0033_VerifyCSOfields",
               "_rowIds":[  
                  "MNU_0033_US"
               ]
            },
            {  
               "name":"MNU_0066_GUIComponent",
               "_rowIds":[  
                  "MNU_0066_US"
               ]
            },
            {  
               "name":"MNU_0086_VerifySmartRouting",
               "_rowIds":[  
                  "MNU_0086_US"
               ]
            },
            {  
               "name":"MNU_0087_MenuItemValidation",
               "_rowIds":[  
                  "MNU_0087_US"
               ]
            },
            {  
               "name":"MNU_0110_ApprovalStatusChanges",
               "_rowIds":[  
                  "MNU_0110_US"
               ]
            },
            {  
               "name":"MNU_0192_ChangeStatus",
               "_rowIds":[  
                  "MNU_0192_US"
               ]
            },
            {  
               "name":"MNU_0185_Validate_VM_Status",
               "_rowIds":[  
                  "MNU_0185_US"
               ]
            },
            {  
               "name":"MNU_20118_ApprovalCurrentDate",
               "_rowIds":[  
                  "MNU_20118_US"
               ]
            },
            {  
               "name":"MNU_20131_ChngApprovalStsDate",
               "_rowIds":[  
                  "MNU_20131_US"
               ]
            },
            {  
               "name":"MNU_20134_ChngApprStsCancel",
               "_rowIds":[  
                  "MNU_20134_US"
               ]
            },
            {  
               "name":"MNU_20442_SearchFuncUsingFLbtn",
               "_rowIds":[  
                  "MNU_20442_US"
               ]
            },
            {  
               "name":"MNU_20528_CategoryGUI",
               "_rowIds":[  
                  "MNU_20528_US"
               ]
            },
            {  
               "name":"MNU_20505_MF_NozzleID",
               "_rowIds":[  
                  "MNU_20505_US"
               ]
            },
            {  
               "name":"MNU_0232",
               "_rowIds":[  
                  "MNU_0233_US"
               ]
            },
            {  
               "name":"MNU_0217_TimeRangeRestrictions",
               "_rowIds":[  
                  "MNU_0217_US"
               ]
            },
            {  
               "name":"MNU_0112_ValidateMIApprStatus",
               "_rowIds":[  
                  "MNU_0112_US"
               ]
            },
            {  
               "name":"MNU_0038_UpdateSetNameAssigned",
               "_rowIds":[  
                  "MNU_0038_US"
               ]
            },
            {  
               "name":"MNU_0197_Copy_ExistingMI",
               "_rowIds":[  
                  "MNU_0197_US"
               ]
            },
            {  
               "name":"MNU_0195",
               "_rowIds":[  
                  "MNU_0195_US"
               ]
            },
            {  
               "name":"MNU_20205_VrfyCompoInactive",
               "_rowIds":[  
                  "MNU_20205_US"
               ]
            },
            {  
               "name":"MNU_20331_Vrf_RestAvlbleForUser",
               "_rowIds":[  
                  "MNU_20331_US"
               ]
            },
            {  
               "name":"MNU_20438_VrfDNmeExstinDiffMKT",
               "_rowIds":[  
                  "MNU_20438_US"
               ]
            },
            {  
               "name":"MNU_0109_UMI_CUR_FUT_SET",
               "_rowIds":[  
                  "MNU_0109_US"
               ]
            },
            {  
               "name":"MNU_0089_AddComponents",
               "_rowIds":[  
                  "MNU_0089_US"
               ]
            },
            {  
               "name":"MNU_0316_MUFE",
               "_rowIds":[  
                  "MNU_0316_US"
               ]
            },
            {  
               "name":"MNU_20454_Vrf_CrtUpdtDel_AuditL",
               "_rowIds":[  
                  "MNU_20454_US"
               ]
            },
            {  
               "name":"MNU_20448_DNScustomizationRestP",
               "_rowIds":[  
                  "MNU_20448_US"
               ]
            },
            {  
               "name":"MNU_20494_CreateSRSCopy",
               "_rowIds":[  
                  "MNU_20494_US"
               ]
            },
            {  
               "name":"MNU_20499_UpdateRestPro",
               "_rowIds":[  
                  "MNU_20499_US"
               ]
            },
            {  
               "name":"MNU_20501_MFFieldSpecifitn",
               "_rowIds":[  
                  "MNU_20501_US"
               ]
            },
            {  
               "name":"MNU_20502_CreateFlavor",
               "_rowIds":[  
                  "MNU_20502_US"
               ]
            },
            {  
               "name":"MNU_20504_MF_FlavorName",
               "_rowIds":[  
                  "MNU_20504_US"
               ]
            },
            {  
               "name":"MNU_0013_UpdateWithFuture",
               "_rowIds":[  
                  "MNU_0013_US"
               ]
            },
            {  
               "name":"MNU_20105_VerifyMI_ABSSettings",
               "_rowIds":[  
                  "MNU_20105_US"
               ]
            },
            {  
               "name":"MNU_0201_MIBUNBUFF_validation",
               "_rowIds":[  
                  "MNU_0201_US"
               ]
            },
            {  
               "name":"MNU_20254_IG_CreateAndGUI",
               "_rowIds":[  
                  "MNU_20254_US"
               ]
            },
            {  
               "name":"MNU_0264_NewDrinkVolInNGABSVol",
               "_rowIds":[  
                  "MNU_0264_US"
               ]
            },
            {  
               "name":"MNU_20450_Vrf_NewDNlistedInDNS",
               "_rowIds":[  
                  "MNU_20450_US"
               ]
            }
         ],
         "repository":"uiMapMasterv2_13_Priyanka_1.xls",
         "testData":"TestData_Batch_13_v1.xlsx",
         "combinations":{  
            "MNU_0012_BasicUpdateMenu":{  
               "Windows7":{  
                  "browsers":[  
                     "Internetexplorer11"
                  ]
               }
            },
            "MNU_0013_UpdateWithFuture":{  
               "Windows7":{  
                  "browsers":[  
                     "Internetexplorer11"
                  ]
               }
            },
            "MNU_0033_VerifyCSOfields":{  
               "Windows7":{  
                  "browsers":[  
                     "Internetexplorer11"
                  ]
               }
            },
            "MNU_0037_UpdateSetName":{  
               "Windows7":{  
                  "browsers":[  
                     "Internetexplorer11"
                  ]
               }
            },
            "MNU_0038_UpdateSetNameAssigned":{  
               "Windows7":{  
                  "browsers":[  
                     "Internetexplorer11"
                  ]
               }
            },
            "MNU_0045_GUIComponentMMIL":{  
               "Windows7":{  
                  "browsers":[  
                     "Internetexplorer11"
                  ]
               }
            },
            "MNU_0047_CopyRemoveComp":{  
               "Windows7":{  
                  "browsers":[  
                     "Internetexplorer11"
                  ]
               }
            },
            "MNU_0066_GUIComponent":{  
               "Windows7":{  
                  "browsers":[  
                     "Internetexplorer11"
                  ]
               }
            },
            "MNU_0085_disableNGABSVolume":{  
               "Windows7":{  
                  "browsers":[  
                     "Internetexplorer11"
                  ]
               }
            },
            "MNU_0086_VerifySmartRouting":{  
               "Windows7":{  
                  "browsers":[  
                     "Internetexplorer11"
                  ]
               }
            },
            "MNU_0087_MenuItemValidation":{  
               "Windows7":{  
                  "browsers":[  
                     "Internetexplorer11"
                  ]
               }
            },
            "MNU_0089_AddComponents":{  
               "Windows7":{  
                  "browsers":[  
                     "Internetexplorer11"
                  ]
               }
            },
            "MNU_0093_Create_MI_Validation":{  
               "Windows7":{  
                  "browsers":[  
                     "Internetexplorer11"
                  ]
               }
            },
            "MNU_0096_CMITS":{  
               "Windows7":{  
                  "browsers":[  
                     "Internetexplorer11"
                  ]
               }
            },
            "MNU_0101_VerifGS":{  
               "Windows7":{  
                  "browsers":[  
                     "Internetexplorer11"
                  ]
               }
            },
            "MNU_0106_ABSSettings":{  
               "Windows7":{  
                  "browsers":[  
                     "Internetexplorer11"
                  ]
               }
            },
            "MNU_0109_UMI_CUR_FUT_SET":{  
               "Windows7":{  
                  "browsers":[  
                     "Internetexplorer11"
                  ]
               }
            },
            "MNU_0110_ApprovalStatusChanges":{  
               "Windows7":{  
                  "browsers":[  
                     "Internetexplorer11"
                  ]
               }
            },
            "MNU_0112_ValidateMIApprStatus":{  
               "Windows7":{  
                  "browsers":[  
                     "Internetexplorer11"
                  ]
               }
            },
            "MNU_0162_211U_MMIL_CompMsg":{  
               "Windows7":{  
                  "browsers":[  
                     "Internetexplorer11"
                  ]
               }
            },
            "MNU_0185_Validate_VM_Status":{  
               "Windows7":{  
                  "browsers":[  
                     "Internetexplorer11"
                  ]
               }
            },
            "MNU_0192_ChangeStatus":{  
               "Windows7":{  
                  "browsers":[  
                     "Internetexplorer11"
                  ]
               }
            },
            "MNU_0195":{  
               "Windows7":{  
                  "browsers":[  
                     "Internetexplorer11"
                  ]
               }
            },
            "MNU_0197_Copy_ExistingMI":{  
               "Windows7":{  
                  "browsers":[  
                     "Internetexplorer11"
                  ]
               }
            },
            "MNU_0198_CMITCopyEx":{  
               "Windows7":{  
                  "browsers":[  
                     "Internetexplorer11"
                  ]
               }
            },
            "MNU_0201_MIBUNBUFF_validation":{  
               "Windows7":{  
                  "browsers":[  
                     "Internetexplorer11"
                  ]
               }
            },
            "MNU_0212_PostSearchFltr":{  
               "Windows7":{  
                  "browsers":[  
                     "Internetexplorer11"
                  ]
               }
            },
            "MNU_0217_TimeRangeRestrictions":{  
               "Windows7":{  
                  "browsers":[  
                     "Internetexplorer11"
                  ]
               }
            },
            "MNU_0222_Verify_Promotionflags":{  
               "Windows7":{  
                  "browsers":[  
                     "Internetexplorer11"
                  ]
               }
            },
            "MNU_0223_PRO_MI_Validation":{  
               "Windows7":{  
                  "browsers":[  
                     "Internetexplorer11"
                  ]
               }
            },
            "MNU_0227":{  
               "Windows7":{  
                  "browsers":[  
                     "Internetexplorer11"
                  ]
               }
            },
            "MNU_0232":{  
               "Windows7":{  
                  "browsers":[  
                     "Internetexplorer11"
                  ]
               }
            },
            "MNU_0233_MaxTimeFrames":{  
               "Windows7":{  
                  "browsers":[  
                     "Internetexplorer11"
                  ]
               }
            },
            "MNU_0257_DeleteFunctinalityOfIG":{  
               "Windows7":{  
                  "browsers":[  
                     "Internetexplorer11"
                  ]
               }
            },
            "MNU_0264_NewDrinkVolInNGABSVol":{  
               "Windows7":{  
                  "browsers":[  
                     "Internetexplorer11"
                  ]
               }
            },
            "MNU_0316_MUFE":{  
               "Windows7":{  
                  "browsers":[  
                     "Internetexplorer11"
                  ]
               }
            },
            "MNU_0537_Verify_AR_SS":{  
               "Windows7":{  
                  "browsers":[  
                     "Internetexplorer11"
                  ]
               }
            },
            "MNU_20105_VerifyMI_ABSSettings":{  
               "Windows7":{  
                  "browsers":[  
                     "Internetexplorer11"
                  ]
               }
            },
            "MNU_20118_ApprovalCurrentDate":{  
               "Windows7":{  
                  "browsers":[  
                     "Internetexplorer11"
                  ]
               }
            },
            "MNU_20131_ChngApprovalStsDate":{  
               "Windows7":{  
                  "browsers":[  
                     "Internetexplorer11"
                  ]
               }
            },
            "MNU_20134_ChngApprStsCancel":{  
               "Windows7":{  
                  "browsers":[  
                     "Internetexplorer11"
                  ]
               }
            },
            "MNU_20205_VrfyCompoInactive":{  
               "Windows7":{  
                  "browsers":[  
                     "Internetexplorer11"
                  ]
               }
            },
            "MNU_20254_IG_CreateAndGUI":{  
               "Windows7":{  
                  "browsers":[  
                     "Internetexplorer11"
                  ]
               }
            },
            "MNU_20331_Vrf_RestAvlbleForUser":{  
               "Windows7":{  
                  "browsers":[  
                     "Internetexplorer11"
                  ]
               }
            },
            "MNU_20414_DGcanCrtdWithotAssoMI":{  
               "Windows7":{  
                  "browsers":[  
                     "Internetexplorer11"
                  ]
               }
            },
            "MNU_20417_ErrMsg_AddMIinDG":{  
               "Windows7":{  
                  "browsers":[  
                     "Internetexplorer11"
                  ]
               }
            },
            "MNU_20419_VrfDeletionInactiveDG":{  
               "Windows7":{  
                  "browsers":[  
                     "Internetexplorer11"
                  ]
               }
            },
            "MNU_20421_Vrf_DG_SlctdMstbeUniq":{  
               "Windows7":{  
                  "browsers":[  
                     "Internetexplorer11"
                  ]
               }
            },
            "MNU_20422_Vfy_MICodeCnExistOnce":{  
               "Windows7":{  
                  "browsers":[  
                     "Internetexplorer11"
                  ]
               }
            },
            "MNU_20426_VrfAL_StatusChangesDG":{  
               "Windows7":{  
                  "browsers":[  
                     "Internetexplorer11"
                  ]
               }
            },
            "MNU_20428_VrfDGNmeExstinDiffMKT":{  
               "Windows7":{  
                  "browsers":[  
                     "Internetexplorer11"
                  ]
               }
            },
            "MNU_20430_Vrf_CreateNewDNandAL":{  
               "Windows7":{  
                  "browsers":[  
                     "Internetexplorer11"
                  ]
               }
            },
            "MNU_20433_Vrf_UpdatationDNandAL":{  
               "Windows7":{  
                  "browsers":[  
                     "Internetexplorer11"
                  ]
               }
            },
            "MNU_20434_Vrf_DeletionOfDNandAL":{  
               "Windows7":{  
                  "browsers":[  
                     "Internetexplorer11"
                  ]
               }
            },
            "MNU_20438_VrfDNmeExstinDiffMKT":{  
               "Windows7":{  
                  "browsers":[  
                     "Internetexplorer11"
                  ]
               }
            },
            "MNU_20442_SearchFuncUsingFLbtn":{  
               "Windows7":{  
                  "browsers":[  
                     "Internetexplorer11"
                  ]
               }
            },
            "MNU_20443_ViewFullList":{  
               "Windows7":{  
                  "browsers":[  
                     "Internetexplorer11"
                  ]
               }
            },
            "MNU_20446_DNScantInactWhnAssRst":{  
               "Windows7":{  
                  "browsers":[  
                     "Internetexplorer11"
                  ]
               }
            },
            "MNU_20448_DNScustomizationRestP":{  
               "Windows7":{  
                  "browsers":[  
                     "Internetexplorer11"
                  ]
               }
            },
            "MNU_20449_VrfDNSetDifMrkt":{  
               "Windows7":{  
                  "browsers":[  
                     "Internetexplorer11"
                  ]
               }
            },
            "MNU_20450_Vrf_NewDNlistedInDNS":{  
               "Windows7":{  
                  "browsers":[  
                     "Internetexplorer11"
                  ]
               }
            },
            "MNU_20453_FieldValidationsDNS":{  
               "Windows7":{  
                  "browsers":[  
                     "Internetexplorer11"
                  ]
               }
            },
            "MNU_20454_Vrf_CrtUpdtDel_AuditL":{  
               "Windows7":{  
                  "browsers":[  
                     "Internetexplorer11"
                  ]
               }
            },
            "MNU_20455_Vrf_Create_SubstGroup":{  
               "Windows7":{  
                  "browsers":[  
                     "Internetexplorer11"
                  ]
               }
            },
            "MNU_20456_SGSearchFunctionality":{  
               "Windows7":{  
                  "browsers":[  
                     "Internetexplorer11"
                  ]
               }
            },
            "MNU_20459_Vrf_MIpartofOnlyOneSG":{  
               "Windows7":{  
                  "browsers":[  
                     "Internetexplorer11"
                  ]
               }
            },
            "MNU_20461_Vrf_Deleting_SubstGrp":{  
               "Windows7":{  
                  "browsers":[  
                     "Internetexplorer11"
                  ]
               }
            },
            "MNU_20463_Vrf_AuditLogWhnSNUpdt":{  
               "Windows7":{  
                  "browsers":[  
                     "Internetexplorer11"
                  ]
               }
            },
            "MNU_20464_Vrf_AddOrRemOfMIinSG":{  
               "Windows7":{  
                  "browsers":[  
                     "Internetexplorer11"
                  ]
               }
            },
            "MNU_20471_Vrf_SNcreationAL":{  
               "Windows7":{  
                  "browsers":[  
                     "Internetexplorer11"
                  ]
               }
            },
            "MNU_20472_Vrf_SNupdateAL":{  
               "Windows7":{  
                  "browsers":[  
                     "Internetexplorer11"
                  ]
               }
            },
            "MNU_20473_Vrf_SNdeleteAL":{  
               "Windows7":{  
                  "browsers":[  
                     "Internetexplorer11"
                  ]
               }
            },
            "MNU_20482_SRGFieldSpecifitn":{  
               "Windows7":{  
                  "browsers":[  
                     "Internetexplorer11"
                  ]
               }
            },
            "MNU_20483_CreateUpdtDeltSRG":{  
               "Windows7":{  
                  "browsers":[  
                     "Internetexplorer11"
                  ]
               }
            },
            "MNU_20486_CreateSRGCopy":{  
               "Windows7":{  
                  "browsers":[  
                     "Internetexplorer11"
                  ]
               }
            },
            "MNU_20490_ViewFullList":{  
               "Windows7":{  
                  "browsers":[  
                     "Internetexplorer11"
                  ]
               }
            },
            "MNU_20491_SearchFunctionality":{  
               "Windows7":{  
                  "browsers":[  
                     "Internetexplorer11"
                  ]
               }
            },
            "MNU_20493_CreateSRS":{  
               "Windows7":{  
                  "browsers":[  
                     "Internetexplorer11"
                  ]
               }
            },
            "MNU_20494_CreateSRSCopy":{  
               "Windows7":{  
                  "browsers":[  
                     "Internetexplorer11"
                  ]
               }
            },
            "MNU_20496_SRSNoInactiveRest":{  
               "Windows7":{  
                  "browsers":[  
                     "Internetexplorer11"
                  ]
               }
            },
            "MNU_20499_UpdateRestPro":{  
               "Windows7":{  
                  "browsers":[  
                     "Internetexplorer11"
                  ]
               }
            },
            "MNU_20501_MFFieldSpecifitn":{  
               "Windows7":{  
                  "browsers":[  
                     "Internetexplorer11"
                  ]
               }
            },
            "MNU_20502_CreateFlavor":{  
               "Windows7":{  
                  "browsers":[  
                     "Internetexplorer11"
                  ]
               }
            },
            "MNU_20504_MF_FlavorName":{  
               "Windows7":{  
                  "browsers":[  
                     "Internetexplorer11"
                  ]
               }
            },
            "MNU_20505_MF_NozzleID":{  
               "Windows7":{  
                  "browsers":[  
                     "Internetexplorer11"
                  ]
               }
            },
            "MNU_20507_CancelFunctnlty":{  
               "Windows7":{  
                  "browsers":[  
                     "Internetexplorer11"
                  ]
               }
            },
            "MNU_20511_VrfyDeleteExistingFS":{  
               "Windows7":{  
                  "browsers":[  
                     "Internetexplorer11"
                  ]
               }
            },
            "MNU_20512_VrfyDltMIAssociated":{  
               "Windows7":{  
                  "browsers":[  
                     "Internetexplorer11"
                  ]
               }
            },
            "MNU_20515_FSFieldSpecifitn":{  
               "Windows7":{  
                  "browsers":[  
                     "Internetexplorer11"
                  ]
               }
            },
            "MNU_20516_FSFilterFunctnlty":{  
               "Windows7":{  
                  "browsers":[  
                     "Internetexplorer11"
                  ]
               }
            },
            "MNU_20519_FSSortPagination":{  
               "Windows7":{  
                  "browsers":[  
                     "Internetexplorer11"
                  ]
               }
            },
            "MNU_20522_FSCreateCopy":{  
               "Windows7":{  
                  "browsers":[  
                     "Internetexplorer11"
                  ]
               }
            },
            "MNU_20523_CreateFlavorSet":{  
               "Windows7":{  
                  "browsers":[  
                     "Internetexplorer11"
                  ]
               }
            },
            "MNU_20528_CategoryGUI":{  
               "Windows7":{  
                  "browsers":[  
                     "Internetexplorer11"
                  ]
               }
            },
            "PRC_0170_SearchAddRemoveMI":{  
               "Windows7":{  
                  "browsers":[  
                     "Internetexplorer11"
                  ]
               }
            }
         }
      }
   }
]